<?xml version="1.0" encoding="UTF-8"?>
<project-private xmlns="http://www.netbeans.org/ns/project-private/1">
    <editor-bookmarks xmlns="http://www.netbeans.org/ns/editor-bookmarks/2" lastBookmarkId="0"/>
    <open-files xmlns="http://www.netbeans.org/ns/projectui-open-files/2">
        <group>
            <file>file:/C:/Users/student/Desktop/CAL_TaLe1.X/mcal_gpio.h</file>
            <file>file:/C:/Users/student/Desktop/CAL_TaLe1.X/asw_com.c</file>
            <file>file:/C:/Users/student/Desktop/CAL_TaLe1.X/light_sig.c</file>
        </group>
    </open-files>
</project-private>
